,date,type,Is International,Unnamed: 0,callsign,typecode,origin,destination,firstseen,latitude_1,longitude_1,latitude_2,longitude_2,Departure Country,Arrival Country
3,2019-01-02,cargo,1,1,1,1,1,1,1,1,1,1,1,1,1
4,2019-01-03,cargo,0,10,10,10,10,10,10,10,10,10,10,10,10
5,2019-01-03,cargo,1,2,2,0,2,2,2,2,2,2,2,2,2
6,2019-01-04,cargo,0,13,13,13,13,13,13,13,13,13,13,13,13
7,2019-01-04,cargo,1,2,2,0,2,2,2,2,2,2,2,2,2
8,2019-01-05,cargo,0,13,13,13,13,13,13,13,13,13,13,13,13
9,2019-01-05,cargo,1,1,1,1,1,1,1,1,1,1,1,1,1
10,2019-01-06,cargo,0,12,12,12,12,12,12,12,12,12,12,12,12
11,2019-01-06,cargo,1,2,2,2,2,2,2,2,2,2,2,2,2
12,2019-01-07,cargo,0,6,6,6,6,6,6,6,6,6,6,6,6
13,2019-01-07,cargo,1,1,1,1,1,1,1,1,1,1,1,1,1
14,2019-01-08,cargo,0,7,7,7,7,7,7,7,7,7,7,7,7
15,2019-01-08,cargo,1,1,1,1,1,1,1,1,1,1,1,1,1
16,2019-01-09,cargo,0,14,14,14,14,14,14,14,14,14,14,14,14
17,2019-01-09,cargo,1,2,2,2,2,2,2,2,2,2,2,2,2
18,2019-01-10,cargo,0,14,14,14,14,14,14,14,14,14,14,14,14
19,2019-01-11,cargo,0,16,16,16,16,16,16,16,16,16,16,16,16
20,2019-01-11,cargo,1,1,1,1,1,1,1,1,1,1,1,1,1
21,2019-01-12,cargo,0,15,15,15,15,15,15,15,15,15,15,15,15
22,2019-01-12,cargo,1,2,2,2,2,2,2,2,2,2,2,2,2
23,2019-01-13,cargo,0,9,9,9,9,9,9,9,9,9,9,9,9
24,2019-01-13,cargo,1,1,1,1,1,1,1,1,1,1,1,1,1
25,2019-01-14,cargo,0,11,11,11,11,11,11,11,11,11,11,11,11
26,2019-01-14,cargo,1,2,2,2,2,2,2,2,2,2,2,2,2
27,2019-01-15,cargo,0,9,9,9,9,9,9,9,9,9,9,9,9
28,2019-01-16,cargo,0,12,12,12,12,12,12,12,12,12,12,12,12
29,2019-01-16,cargo,1,3,3,3,3,3,3,3,3,3,3,3,3
30,2019-01-17,cargo,0,8,8,8,8,8,8,8,8,8,8,8,8
31,2019-01-18,cargo,0,13,13,13,13,13,13,13,13,13,13,13,13
32,2019-01-18,cargo,1,2,2,2,2,2,2,2,2,2,2,2,2
33,2019-01-19,cargo,0,12,12,12,12,12,12,12,12,12,12,12,12
34,2019-01-19,cargo,1,1,1,1,1,1,1,1,1,1,1,1,1
35,2019-01-20,cargo,0,12,12,12,12,12,12,12,12,12,12,12,12
36,2019-01-20,cargo,1,1,1,1,1,1,1,1,1,1,1,1,1
37,2019-01-21,cargo,0,14,14,14,14,14,14,14,14,14,14,14,14
38,2019-01-22,cargo,0,14,14,14,14,14,14,14,14,14,14,14,14
39,2019-01-23,cargo,0,20,20,20,20,20,20,20,20,20,20,20,20
40,2019-01-23,cargo,1,1,1,1,1,1,1,1,1,1,1,1,1
41,2019-01-24,cargo,0,13,13,13,13,13,13,13,13,13,13,13,13
42,2019-01-25,cargo,0,20,20,20,20,20,20,20,20,20,20,20,20
43,2019-01-25,cargo,1,1,1,1,1,1,1,1,1,1,1,1,1
44,2019-01-26,cargo,0,18,18,18,18,18,18,18,18,18,18,18,18
45,2019-01-27,cargo,0,13,13,13,13,13,13,13,13,13,13,13,13
46,2019-01-27,cargo,1,2,2,2,2,2,2,2,2,2,2,2,2
47,2019-01-28,cargo,0,14,14,14,14,14,14,14,14,14,14,14,14
48,2019-01-28,cargo,1,1,1,1,1,1,1,1,1,1,1,1,1
49,2019-01-29,cargo,0,11,11,11,11,11,11,11,11,11,11,11,11
50,2019-01-29,cargo,1,1,1,1,1,1,1,1,1,1,1,1,1
51,2019-01-30,cargo,0,17,17,17,17,17,17,17,17,17,17,17,17
52,2019-01-31,cargo,0,13,13,13,13,13,13,13,13,13,13,13,13
53,2019-02-01,cargo,0,15,15,15,15,15,15,15,15,15,15,15,15
54,2019-02-01,cargo,1,1,1,1,1,1,1,1,1,1,1,1,1
55,2019-02-02,cargo,0,15,15,15,15,15,15,15,15,15,15,15,15
56,2019-02-03,cargo,0,12,12,12,12,12,12,12,12,12,12,12,12
57,2019-02-03,cargo,1,1,1,1,1,1,1,1,1,1,1,1,1
58,2019-02-04,cargo,0,13,13,13,13,13,13,13,13,13,13,13,13
59,2019-02-04,cargo,1,1,1,1,1,1,1,1,1,1,1,1,1
60,2019-02-05,cargo,0,11,11,11,11,11,11,11,11,11,11,11,11
61,2019-02-06,cargo,0,13,13,13,13,13,13,13,13,13,13,13,13
62,2019-02-06,cargo,1,1,1,1,1,1,1,1,1,1,1,1,1
63,2019-02-07,cargo,0,16,16,16,16,16,16,16,16,16,16,16,16
64,2019-02-08,cargo,0,9,9,9,9,9,9,9,9,9,9,9,9
65,2019-02-08,cargo,1,1,1,1,1,1,1,1,1,1,1,1,1
66,2019-02-09,cargo,0,14,14,14,14,14,14,14,14,14,14,14,14
67,2019-02-09,cargo,1,1,1,1,1,1,1,1,1,1,1,1,1
68,2019-02-10,cargo,0,8,8,8,8,8,8,8,8,8,8,8,8
69,2019-02-10,cargo,1,1,1,1,1,1,1,1,1,1,1,1,1
70,2019-02-11,cargo,0,9,9,9,9,9,9,9,9,9,9,9,9
71,2019-02-11,cargo,1,1,1,1,1,1,1,1,1,1,1,1,1
72,2019-02-12,cargo,0,8,8,8,8,8,8,8,8,8,8,8,8
73,2019-02-13,cargo,0,13,13,13,13,13,13,13,13,13,13,13,13
74,2019-02-13,cargo,1,2,2,2,2,2,2,2,2,2,2,2,2
75,2019-02-14,cargo,0,13,13,13,13,13,13,13,13,13,13,13,13
76,2019-02-15,cargo,0,18,18,17,18,18,18,18,18,18,18,18,18
77,2019-02-15,cargo,1,1,1,1,1,1,1,1,1,1,1,1,1
78,2019-02-16,cargo,0,15,15,15,15,15,15,15,15,15,15,15,15
79,2019-02-16,cargo,1,1,1,1,1,1,1,1,1,1,1,1,1
80,2019-02-17,cargo,0,14,14,14,14,14,14,14,14,14,14,14,14
81,2019-02-17,cargo,1,2,2,2,2,2,2,2,2,2,2,2,2
82,2019-02-18,cargo,0,12,12,11,12,12,12,12,12,12,12,12,12
83,2019-02-18,cargo,1,1,1,1,1,1,1,1,1,1,1,1,1
84,2019-02-19,cargo,0,14,14,14,14,14,14,14,14,14,14,14,14
85,2019-02-19,cargo,1,1,1,1,1,1,1,1,1,1,1,1,1
86,2019-02-20,cargo,0,16,16,16,16,16,16,16,16,16,16,16,16
87,2019-02-20,cargo,1,1,1,1,1,1,1,1,1,1,1,1,1
88,2019-02-21,cargo,0,14,14,14,14,14,14,14,14,14,14,14,14
89,2019-02-21,cargo,1,1,1,1,1,1,1,1,1,1,1,1,1
90,2019-02-22,cargo,0,14,14,14,14,14,14,14,14,14,14,14,14
91,2019-02-22,cargo,1,3,3,3,3,3,3,3,3,3,3,3,3
92,2019-02-23,cargo,0,13,13,13,13,13,13,13,13,13,13,13,13
93,2019-02-23,cargo,1,2,2,2,2,2,2,2,2,2,2,2,2
94,2019-02-24,cargo,0,15,15,15,15,15,15,15,15,15,15,15,15
95,2019-02-25,cargo,0,9,9,9,9,9,9,9,9,9,9,9,9
96,2019-02-26,cargo,0,8,8,8,8,8,8,8,8,8,8,8,8
97,2019-02-26,cargo,1,1,1,1,1,1,1,1,1,1,1,1,1
98,2019-02-27,cargo,0,16,16,16,16,16,16,16,16,16,16,16,16
99,2019-02-27,cargo,1,3,3,3,3,3,3,3,3,3,3,3,3
100,2019-02-28,cargo,0,17,17,17,17,17,17,17,17,17,17,17,17
101,2019-02-28,cargo,1,1,1,1,1,1,1,1,1,1,1,1,1
102,2019-03-01,cargo,0,18,18,18,18,18,18,18,18,18,18,18,18
103,2019-03-01,cargo,1,1,1,1,1,1,1,1,1,1,1,1,1
104,2019-03-02,cargo,0,19,19,19,19,19,19,19,19,19,19,19,19
105,2019-03-03,cargo,0,17,17,17,17,17,17,17,17,17,17,17,17
106,2019-03-03,cargo,1,2,2,2,2,2,2,2,2,2,2,2,2
107,2019-03-04,cargo,0,11,11,11,11,11,11,11,11,11,11,11,11
108,2019-03-04,cargo,1,1,1,1,1,1,1,1,1,1,1,1,1
109,2019-03-05,cargo,0,14,14,14,14,14,14,14,14,14,14,14,14
110,2019-03-06,cargo,0,19,19,19,19,19,19,19,19,19,19,19,19
111,2019-03-06,cargo,1,1,1,1,1,1,1,1,1,1,1,1,1
112,2019-03-07,cargo,0,21,21,21,21,21,21,21,21,21,21,21,21
113,2019-03-08,cargo,0,17,17,17,17,17,17,17,17,17,17,17,17
114,2019-03-08,cargo,1,2,2,2,2,2,2,2,2,2,2,2,2
115,2019-03-09,cargo,0,15,15,15,15,15,15,15,15,15,15,15,15
116,2019-03-09,cargo,1,2,2,2,2,2,2,2,2,2,2,2,2
117,2019-03-10,cargo,0,20,20,20,20,20,20,20,20,20,20,20,20
118,2019-03-11,cargo,0,12,12,12,12,12,12,12,12,12,12,12,12
119,2019-03-11,cargo,1,3,3,3,3,3,3,3,3,3,3,3,3
120,2019-03-12,cargo,0,14,14,14,14,14,14,14,14,14,14,14,14
121,2019-03-12,cargo,1,1,1,1,1,1,1,1,1,1,1,1,1
122,2019-03-13,cargo,0,20,20,20,20,20,20,20,20,20,20,20,20
123,2019-03-13,cargo,1,2,2,1,2,2,2,2,2,2,2,2,2
124,2019-03-14,cargo,0,18,18,18,18,18,18,18,18,18,18,18,18
125,2019-03-14,cargo,1,1,1,1,1,1,1,1,1,1,1,1,1
126,2019-03-15,cargo,0,23,23,23,23,23,23,23,23,23,23,23,23
127,2019-03-15,cargo,1,4,4,4,4,4,4,4,4,4,4,4,4
128,2019-03-16,cargo,0,15,15,15,15,15,15,15,15,15,15,15,15
129,2019-03-16,cargo,1,4,4,3,4,4,4,4,4,4,4,4,4
130,2019-03-17,cargo,0,19,19,19,19,19,19,19,19,19,19,19,19
131,2019-03-17,cargo,1,2,2,1,2,2,2,2,2,2,2,2,2
132,2019-03-18,cargo,0,12,12,12,12,12,12,12,12,12,12,12,12
133,2019-03-18,cargo,1,3,3,3,3,3,3,3,3,3,3,3,3
134,2019-03-19,cargo,0,14,14,14,14,14,14,14,14,14,14,14,14
135,2019-03-19,cargo,1,1,1,1,1,1,1,1,1,1,1,1,1
136,2019-03-20,cargo,0,20,20,20,20,20,20,20,20,20,20,20,20
137,2019-03-20,cargo,1,1,1,1,1,1,1,1,1,1,1,1,1
138,2019-03-21,cargo,0,17,17,17,17,17,17,17,17,17,17,17,17
139,2019-03-21,cargo,1,1,1,1,1,1,1,1,1,1,1,1,1
140,2019-03-22,cargo,0,20,20,20,20,20,20,20,20,20,20,20,20
141,2019-03-22,cargo,1,2,2,2,2,2,2,2,2,2,2,2,2
142,2019-03-23,cargo,0,15,15,15,15,15,15,15,15,15,15,15,15
143,2019-03-23,cargo,1,2,2,1,2,2,2,2,2,2,2,2,2
144,2019-03-24,cargo,0,19,19,19,19,19,19,19,19,19,19,19,19
145,2019-03-24,cargo,1,2,2,2,2,2,2,2,2,2,2,2,2
146,2019-03-25,cargo,0,12,12,12,12,12,12,12,12,12,12,12,12
147,2019-03-25,cargo,1,2,2,2,2,2,2,2,2,2,2,2,2
148,2019-03-26,cargo,0,14,14,12,14,14,14,14,14,14,14,14,14
149,2019-03-26,cargo,1,1,1,1,1,1,1,1,1,1,1,1,1
150,2019-03-27,cargo,0,22,22,22,22,22,22,22,22,22,22,22,22
151,2019-03-28,cargo,0,17,17,17,17,17,17,17,17,17,17,17,17
152,2019-03-29,cargo,0,28,28,26,28,28,28,28,28,28,28,28,28
153,2019-03-29,cargo,1,4,4,4,4,4,4,4,4,4,4,4,4
154,2019-03-30,cargo,0,14,14,13,14,14,14,14,14,14,14,14,14
155,2019-03-30,cargo,1,2,2,2,2,2,2,2,2,2,2,2,2
156,2019-03-31,cargo,0,18,18,18,18,18,18,18,18,18,18,18,18
157,2019-03-31,cargo,1,1,1,1,1,1,1,1,1,1,1,1,1
158,2019-04-01,cargo,0,12,12,12,12,12,12,12,12,12,12,12,12
159,2019-04-01,cargo,1,2,2,2,2,2,2,2,2,2,2,2,2
160,2019-04-02,cargo,0,8,8,7,8,8,8,8,8,8,8,8,8
161,2019-04-02,cargo,1,1,1,1,1,1,1,1,1,1,1,1,1
162,2019-04-03,cargo,0,16,16,16,16,16,16,16,16,16,16,16,16
163,2019-04-04,cargo,0,14,14,14,14,14,14,14,14,14,14,14,14
164,2019-04-04,cargo,1,2,2,2,2,2,2,2,2,2,2,2,2
165,2019-04-05,cargo,0,16,16,15,16,16,16,16,16,16,16,16,16
166,2019-04-05,cargo,1,2,2,2,2,2,2,2,2,2,2,2,2
167,2019-04-06,cargo,0,16,16,13,16,16,16,16,16,16,16,16,16
168,2019-04-07,cargo,0,21,21,20,21,21,21,21,21,21,21,21,21
169,2019-04-07,cargo,1,2,2,2,2,2,2,2,2,2,2,2,2
170,2019-04-08,cargo,0,10,10,10,10,10,10,10,10,10,10,10,10
171,2019-04-09,cargo,0,10,10,10,10,10,10,10,10,10,10,10,10
172,2019-04-10,cargo,0,21,21,20,21,21,21,21,21,21,21,21,21
173,2019-04-11,cargo,0,19,19,19,19,19,19,19,19,19,19,19,19
174,2019-04-11,cargo,1,1,1,1,1,1,1,1,1,1,1,1,1
175,2019-04-12,cargo,0,16,16,14,16,16,16,16,16,16,16,16,16
176,2019-04-12,cargo,1,2,2,2,2,2,2,2,2,2,2,2,2
177,2019-04-13,cargo,0,17,17,14,17,17,17,17,17,17,17,17,17
178,2019-04-14,cargo,0,17,17,16,17,17,17,17,17,17,17,17,17
179,2019-04-14,cargo,1,1,1,1,1,1,1,1,1,1,1,1,1
180,2019-04-15,cargo,0,8,8,8,8,8,8,8,8,8,8,8,8
181,2019-04-15,cargo,1,1,1,1,1,1,1,1,1,1,1,1,1
182,2019-04-16,cargo,0,8,8,7,8,8,8,8,8,8,8,8,8
183,2019-04-16,cargo,1,3,3,3,3,3,3,3,3,3,3,3,3
184,2019-04-17,cargo,0,15,15,15,15,15,15,15,15,15,15,15,15
185,2019-04-18,cargo,0,15,15,15,15,15,15,15,15,15,15,15,15
186,2019-04-18,cargo,1,1,1,0,1,1,1,1,1,1,1,1,1
187,2019-04-19,cargo,0,15,15,15,15,15,15,15,15,15,15,15,15
188,2019-04-19,cargo,1,3,3,2,3,3,3,3,3,3,3,3,3
189,2019-04-20,cargo,0,18,18,18,18,18,18,18,18,18,18,18,18
190,2019-04-21,cargo,0,12,12,11,12,12,12,12,12,12,12,12,12
191,2019-04-21,cargo,1,1,1,1,1,1,1,1,1,1,1,1,1
192,2019-04-22,cargo,0,12,12,12,12,12,12,12,12,12,12,12,12
193,2019-04-22,cargo,1,1,1,0,1,1,1,1,1,1,1,1,1
194,2019-04-23,cargo,0,7,7,6,7,7,7,7,7,7,7,7,7
195,2019-04-24,cargo,0,12,12,11,12,12,12,12,12,12,12,12,12
196,2019-04-24,cargo,1,1,1,0,1,1,1,1,1,1,1,1,1
197,2019-04-25,cargo,0,11,11,11,11,11,11,11,11,11,11,11,11
198,2019-04-25,cargo,1,1,1,1,1,1,1,1,1,1,1,1,1
199,2019-04-26,cargo,0,17,17,16,17,17,17,17,17,17,17,17,17
200,2019-04-26,cargo,1,2,2,2,2,2,2,2,2,2,2,2,2
201,2019-04-27,cargo,0,21,21,18,21,21,21,21,21,21,21,21,21
202,2019-04-27,cargo,1,1,1,1,1,1,1,1,1,1,1,1,1
203,2019-04-28,cargo,0,16,16,15,16,16,16,16,16,16,16,16,16
204,2019-04-29,cargo,0,11,11,10,11,11,11,11,11,11,11,11,11
205,2019-04-29,cargo,1,1,1,1,1,1,1,1,1,1,1,1,1
206,2019-04-30,cargo,0,10,10,10,10,10,10,10,10,10,10,10,10
207,2019-04-30,cargo,1,2,2,2,2,2,2,2,2,2,2,2,2
208,2019-05-01,cargo,0,16,16,15,16,16,16,16,16,16,16,16,16
209,2019-05-01,cargo,1,2,2,2,2,2,2,2,2,2,2,2,2
210,2019-05-02,cargo,0,14,14,12,14,14,14,14,14,14,14,14,14
211,2019-05-03,cargo,0,8,8,8,8,8,8,8,8,8,8,8,8
212,2019-05-03,cargo,1,2,2,2,2,2,2,2,2,2,2,2,2
213,2019-05-04,cargo,0,9,9,8,9,9,9,9,9,9,9,9,9
214,2019-05-04,cargo,1,1,1,1,1,1,1,1,1,1,1,1,1
215,2019-05-05,cargo,0,9,9,8,9,9,9,9,9,9,9,9,9
216,2019-05-06,cargo,0,7,7,7,7,7,7,7,7,7,7,7,7
217,2019-05-06,cargo,1,1,1,1,1,1,1,1,1,1,1,1,1
218,2019-05-07,cargo,0,5,5,5,5,5,5,5,5,5,5,5,5
219,2019-05-07,cargo,1,1,1,1,1,1,1,1,1,1,1,1,1
220,2019-05-08,cargo,0,16,16,14,16,16,16,16,16,16,16,16,16
221,2019-05-08,cargo,1,1,1,1,1,1,1,1,1,1,1,1,1
222,2019-05-09,cargo,0,17,17,14,17,17,17,17,17,17,17,17,17
223,2019-05-09,cargo,1,1,1,1,1,1,1,1,1,1,1,1,1
224,2019-05-10,cargo,0,14,14,12,14,14,14,14,14,14,14,14,14
225,2019-05-10,cargo,1,2,2,2,2,2,2,2,2,2,2,2,2
226,2019-05-11,cargo,0,18,18,14,18,18,18,18,18,18,18,18,18
227,2019-05-12,cargo,0,17,17,15,17,17,17,17,17,17,17,17,17
228,2019-05-12,cargo,1,1,1,1,1,1,1,1,1,1,1,1,1
229,2019-05-13,cargo,0,12,12,11,12,12,12,12,12,12,12,12,12
230,2019-05-14,cargo,0,9,9,9,9,9,9,9,9,9,9,9,9
231,2019-05-15,cargo,0,20,20,20,20,20,20,20,20,20,20,20,20
232,2019-05-15,cargo,1,1,1,1,1,1,1,1,1,1,1,1,1
233,2019-05-16,cargo,0,15,15,13,15,15,15,15,15,15,15,15,15
234,2019-05-16,cargo,1,1,1,1,1,1,1,1,1,1,1,1,1
235,2019-05-17,cargo,0,15,15,15,15,15,15,15,15,15,15,15,15
236,2019-05-17,cargo,1,1,1,1,1,1,1,1,1,1,1,1,1
237,2019-05-18,cargo,0,15,15,14,15,15,15,15,15,15,15,15,15
238,2019-05-19,cargo,0,19,19,18,19,19,19,19,19,19,19,19,19
239,2019-05-19,cargo,1,2,2,2,2,2,2,2,2,2,2,2,2
240,2019-05-20,cargo,0,10,10,8,10,10,10,10,10,10,10,10,10
241,2019-05-21,cargo,0,8,8,8,8,8,8,8,8,8,8,8,8
242,2019-05-22,cargo,0,16,16,16,16,16,16,16,16,16,16,16,16
243,2019-05-22,cargo,1,1,1,1,1,1,1,1,1,1,1,1,1
244,2019-05-23,cargo,0,16,16,15,16,16,16,16,16,16,16,16,16
245,2019-05-23,cargo,1,1,1,1,1,1,1,1,1,1,1,1,1
246,2019-05-24,cargo,0,16,16,16,16,16,16,16,16,16,16,16,16
247,2019-05-24,cargo,1,3,3,3,3,3,3,3,3,3,3,3,3
248,2019-05-25,cargo,0,17,17,17,17,17,17,17,17,17,17,17,17
249,2019-05-26,cargo,0,18,18,17,18,18,18,18,18,18,18,18,18
250,2019-05-26,cargo,1,1,1,1,1,1,1,1,1,1,1,1,1
251,2019-05-27,cargo,0,7,7,7,7,7,7,7,7,7,7,7,7
252,2019-05-28,cargo,0,13,13,13,13,13,13,13,13,13,13,13,13
253,2019-05-29,cargo,0,20,20,19,20,20,20,20,20,20,20,20,20
254,2019-05-29,cargo,1,1,1,1,1,1,1,1,1,1,1,1,1
255,2019-05-30,cargo,0,15,15,14,15,15,15,15,15,15,15,15,15
256,2019-05-31,cargo,0,17,17,17,17,17,17,17,17,17,17,17,17
257,2019-05-31,cargo,1,1,1,1,1,1,1,1,1,1,1,1,1
258,2019-06-01,cargo,0,17,17,16,17,17,17,17,17,17,17,17,17
259,2019-06-01,cargo,1,2,2,2,2,2,2,2,2,2,2,2,2
260,2019-06-02,cargo,0,12,12,11,12,12,12,12,12,12,12,12,12
261,2019-06-03,cargo,0,10,10,8,10,10,10,10,10,10,10,10,10
262,2019-06-04,cargo,0,11,11,10,11,11,11,11,11,11,11,11,11
263,2019-06-04,cargo,1,2,2,2,2,2,2,2,2,2,2,2,2
264,2019-06-05,cargo,0,15,15,14,15,15,15,15,15,15,15,15,15
265,2019-06-05,cargo,1,3,3,3,3,3,3,3,3,3,3,3,3
266,2019-06-06,cargo,0,16,16,15,16,16,16,16,16,16,16,16,16
267,2019-06-07,cargo,0,12,12,11,12,12,12,12,12,12,12,12,12
268,2019-06-07,cargo,1,2,2,2,2,2,2,2,2,2,2,2,2
269,2019-06-08,cargo,0,15,15,14,15,15,15,15,15,15,15,15,15
270,2019-06-08,cargo,1,3,3,2,3,3,3,3,3,3,3,3,3
271,2019-06-09,cargo,0,11,11,11,11,11,11,11,11,11,11,11,11
272,2019-06-10,cargo,0,6,6,6,6,6,6,6,6,6,6,6,6
273,2019-06-11,cargo,0,8,8,8,8,8,8,8,8,8,8,8,8
274,2019-06-11,cargo,1,2,2,2,2,2,2,2,2,2,2,2,2
275,2019-06-12,cargo,0,18,18,18,18,18,18,18,18,18,18,18,18
276,2019-06-12,cargo,1,2,2,2,2,2,2,2,2,2,2,2,2
277,2019-06-13,cargo,0,16,16,14,16,16,16,16,16,16,16,16,16
278,2019-06-13,cargo,1,2,2,2,2,2,2,2,2,2,2,2,2
279,2019-06-14,cargo,0,16,16,16,16,16,16,16,16,16,16,16,16
280,2019-06-14,cargo,1,1,1,1,1,1,1,1,1,1,1,1,1
281,2019-06-15,cargo,0,16,16,15,16,16,16,16,16,16,16,16,16
282,2019-06-15,cargo,1,2,2,1,2,2,2,2,2,2,2,2,2
283,2019-06-16,cargo,0,15,15,14,15,15,15,15,15,15,15,15,15
284,2019-06-17,cargo,0,15,15,14,15,15,15,15,15,15,15,15,15
285,2019-06-17,cargo,1,1,1,1,1,1,1,1,1,1,1,1,1
286,2019-06-18,cargo,0,12,12,12,12,12,12,12,12,12,12,12,12
287,2019-06-18,cargo,1,2,2,1,2,2,2,2,2,2,2,2,2
288,2019-06-19,cargo,0,20,20,19,20,20,20,20,20,20,20,20,20
289,2019-06-19,cargo,1,3,3,3,3,3,3,3,3,3,3,3,3
290,2019-06-20,cargo,0,19,19,17,19,19,19,19,19,19,19,19,19
291,2019-06-20,cargo,1,2,2,2,2,2,2,2,2,2,2,2,2
292,2019-06-21,cargo,0,17,17,17,17,17,17,17,17,17,17,17,17
293,2019-06-21,cargo,1,2,2,2,2,2,2,2,2,2,2,2,2
294,2019-06-22,cargo,0,18,18,17,18,18,18,18,18,18,18,18,18
295,2019-06-22,cargo,1,2,2,2,2,2,2,2,2,2,2,2,2
296,2019-06-23,cargo,0,12,12,12,12,12,12,12,12,12,12,12,12
297,2019-06-23,cargo,1,1,1,1,1,1,1,1,1,1,1,1,1
298,2019-06-24,cargo,0,14,14,11,14,14,14,14,14,14,14,14,14
299,2019-06-24,cargo,1,1,1,1,1,1,1,1,1,1,1,1,1
300,2019-06-25,cargo,0,13,13,9,13,13,13,13,13,13,13,13,13
301,2019-06-25,cargo,1,1,1,1,1,1,1,1,1,1,1,1,1
302,2019-06-26,cargo,0,9,9,8,9,9,9,9,9,9,9,9,9
303,2019-06-26,cargo,1,3,3,2,3,3,3,3,3,3,3,3,3
304,2019-06-27,cargo,0,18,18,16,18,18,18,18,18,18,18,18,18
305,2019-06-27,cargo,1,2,2,2,2,2,2,2,2,2,2,2,2
306,2019-06-28,cargo,0,14,14,12,14,14,14,14,14,14,14,14,14
307,2019-06-28,cargo,1,5,5,5,5,5,5,5,5,5,5,5,5
308,2019-06-29,cargo,0,19,19,16,19,19,19,19,19,19,19,19,19
309,2019-06-30,cargo,0,13,13,12,13,13,13,13,13,13,13,13,13
310,2019-07-01,cargo,0,11,11,10,11,11,11,11,11,11,11,11,11
311,2019-07-01,cargo,1,2,2,2,2,2,2,2,2,2,2,2,2
312,2019-07-02,cargo,0,14,14,13,14,14,14,14,14,14,14,14,14
313,2019-07-02,cargo,1,4,4,4,4,4,4,4,4,4,4,4,4
314,2019-07-03,cargo,0,19,19,17,19,19,19,19,19,19,19,19,19
315,2019-07-03,cargo,1,3,3,3,3,3,3,3,3,3,3,3,3
316,2019-07-04,cargo,0,14,14,14,14,14,14,14,14,14,14,14,14
317,2019-07-04,cargo,1,3,3,2,3,3,3,3,3,3,3,3,3
318,2019-07-05,cargo,0,19,19,19,19,19,19,19,19,19,19,19,19
319,2019-07-05,cargo,1,1,1,1,1,1,1,1,1,1,1,1,1
320,2019-07-06,cargo,0,17,17,16,17,17,17,17,17,17,17,17,17
321,2019-07-06,cargo,1,2,2,1,2,2,2,2,2,2,2,2,2
322,2019-07-07,cargo,0,13,13,12,13,13,13,13,13,13,13,13,13
323,2019-07-08,cargo,0,11,11,10,11,11,11,11,11,11,11,11,11
324,2019-07-08,cargo,1,2,2,2,2,2,2,2,2,2,2,2,2
325,2019-07-09,cargo,0,9,9,9,9,9,9,9,9,9,9,9,9
326,2019-07-09,cargo,1,1,1,1,1,1,1,1,1,1,1,1,1
327,2019-07-10,cargo,0,19,19,17,19,19,19,19,19,19,19,19,19
328,2019-07-10,cargo,1,3,3,2,3,3,3,3,3,3,3,3,3
329,2019-07-11,cargo,0,16,16,16,16,16,16,16,16,16,16,16,16
330,2019-07-12,cargo,0,15,15,15,15,15,15,15,15,15,15,15,15
331,2019-07-12,cargo,1,6,6,6,6,6,6,6,6,6,6,6,6
332,2019-07-13,cargo,0,17,17,15,17,17,17,17,17,17,17,17,17
333,2019-07-13,cargo,1,1,1,1,1,1,1,1,1,1,1,1,1
334,2019-07-14,cargo,0,13,13,11,13,13,13,13,13,13,13,13,13
335,2019-07-14,cargo,1,1,1,1,1,1,1,1,1,1,1,1,1
336,2019-07-15,cargo,0,10,10,10,10,10,10,10,10,10,10,10,10
337,2019-07-15,cargo,1,1,1,0,1,1,1,1,1,1,1,1,1
338,2019-07-16,cargo,0,9,9,8,9,9,9,9,9,9,9,9,9
339,2019-07-16,cargo,1,1,1,1,1,1,1,1,1,1,1,1,1
340,2019-07-17,cargo,0,17,17,14,17,17,17,17,17,17,17,17,17
341,2019-07-17,cargo,1,5,5,4,5,5,5,5,5,5,5,5,5
342,2019-07-18,cargo,0,13,13,12,13,13,13,13,13,13,13,13,13
343,2019-07-18,cargo,1,2,2,1,2,2,2,2,2,2,2,2,2
344,2019-07-19,cargo,0,15,15,15,15,15,15,15,15,15,15,15,15
345,2019-07-19,cargo,1,3,3,2,3,3,3,3,3,3,3,3,3
346,2019-07-20,cargo,0,18,18,18,18,18,18,18,18,18,18,18,18
347,2019-07-20,cargo,1,2,2,2,2,2,2,2,2,2,2,2,2
348,2019-07-21,cargo,0,13,13,12,13,13,13,13,13,13,13,13,13
349,2019-07-21,cargo,1,3,3,3,3,3,3,3,3,3,3,3,3
350,2019-07-22,cargo,0,10,10,9,10,10,10,10,10,10,10,10,10
351,2019-07-22,cargo,1,2,2,1,2,2,2,2,2,2,2,2,2
352,2019-07-23,cargo,0,9,9,9,9,9,9,9,9,9,9,9,9
353,2019-07-24,cargo,0,15,15,15,15,15,15,15,15,15,15,15,15
354,2019-07-24,cargo,1,4,4,2,4,4,4,4,4,4,4,4,4
355,2019-07-25,cargo,0,13,13,12,13,13,13,13,13,13,13,13,13
356,2019-07-25,cargo,1,1,1,1,1,1,1,1,1,1,1,1,1
357,2019-07-26,cargo,0,14,14,13,14,14,14,14,14,14,14,14,14
358,2019-07-26,cargo,1,2,2,2,2,2,2,2,2,2,2,2,2
359,2019-07-27,cargo,0,16,16,15,16,16,16,16,16,16,16,16,16
360,2019-07-27,cargo,1,2,2,2,2,2,2,2,2,2,2,2,2
361,2019-07-28,cargo,0,16,16,14,16,16,16,16,16,16,16,16,16
362,2019-07-29,cargo,0,5,5,5,5,5,5,5,5,5,5,5,5
363,2019-07-29,cargo,1,1,1,1,1,1,1,1,1,1,1,1,1
364,2019-07-30,cargo,0,8,8,7,8,8,8,8,8,8,8,8,8
365,2019-07-30,cargo,1,2,2,2,2,2,2,2,2,2,2,2,2
366,2019-07-31,cargo,0,15,15,15,15,15,15,15,15,15,15,15,15
367,2019-07-31,cargo,1,1,1,1,1,1,1,1,1,1,1,1,1
368,2019-08-01,cargo,0,14,14,14,14,14,14,14,14,14,14,14,14
369,2019-08-02,cargo,0,14,14,14,14,14,14,14,14,14,14,14,14
370,2019-08-02,cargo,1,3,3,3,3,3,3,3,3,3,3,3,3
371,2019-08-03,cargo,0,12,12,10,12,12,12,12,12,12,12,12,12
372,2019-08-03,cargo,1,1,1,1,1,1,1,1,1,1,1,1,1
373,2019-08-04,cargo,0,12,12,10,12,12,12,12,12,12,12,12,12
374,2019-08-04,cargo,1,5,5,5,5,5,5,5,5,5,5,5,5
375,2019-08-05,cargo,0,10,10,10,10,10,10,10,10,10,10,10,10
376,2019-08-06,cargo,0,9,9,8,9,9,9,9,9,9,9,9,9
377,2019-08-06,cargo,1,3,3,2,3,3,3,3,3,3,3,3,3
378,2019-08-07,cargo,0,19,19,18,19,19,19,19,19,19,19,19,19
379,2019-08-07,cargo,1,4,4,3,4,4,4,4,4,4,4,4,4
380,2019-08-08,cargo,0,13,13,12,13,13,13,13,13,13,13,13,13
381,2019-08-08,cargo,1,2,2,1,2,2,2,2,2,2,2,2,2
382,2019-08-09,cargo,0,16,16,15,16,16,16,16,16,16,16,16,16
383,2019-08-09,cargo,1,1,1,1,1,1,1,1,1,1,1,1,1
384,2019-08-10,cargo,0,16,16,14,16,16,16,16,16,16,16,16,16
385,2019-08-10,cargo,1,1,1,1,1,1,1,1,1,1,1,1,1
386,2019-08-11,cargo,0,13,13,12,13,13,13,13,13,13,13,13,13
387,2019-08-11,cargo,1,3,3,3,3,3,3,3,3,3,3,3,3
388,2019-08-12,cargo,0,5,5,5,5,5,5,5,5,5,5,5,5
389,2019-08-12,cargo,1,1,1,0,1,1,1,1,1,1,1,1,1
390,2019-08-13,cargo,0,9,9,9,9,9,9,9,9,9,9,9,9
391,2019-08-13,cargo,1,1,1,1,1,1,1,1,1,1,1,1,1
392,2019-08-14,cargo,0,12,12,10,12,12,12,12,12,12,12,12,12
393,2019-08-14,cargo,1,2,2,2,2,2,2,2,2,2,2,2,2
394,2019-08-15,cargo,0,13,13,13,13,13,13,13,13,13,13,13,13
395,2019-08-16,cargo,0,11,11,11,11,11,11,11,11,11,11,11,11
396,2019-08-16,cargo,1,2,2,2,2,2,2,2,2,2,2,2,2
397,2019-08-17,cargo,0,15,15,14,15,15,15,15,15,15,15,15,15
398,2019-08-17,cargo,1,1,1,1,1,1,1,1,1,1,1,1,1
399,2019-08-18,cargo,0,10,10,9,10,10,10,10,10,10,10,10,10
400,2019-08-19,cargo,0,10,10,8,10,10,10,10,10,10,10,10,10
401,2019-08-19,cargo,1,1,1,1,1,1,1,1,1,1,1,1,1
402,2019-08-20,cargo,0,7,7,5,7,7,7,7,7,7,7,7,7
403,2019-08-20,cargo,1,1,1,1,1,1,1,1,1,1,1,1,1
404,2019-08-21,cargo,0,15,15,13,15,15,15,15,15,15,15,15,15
405,2019-08-21,cargo,1,2,2,1,2,2,2,2,2,2,2,2,2
406,2019-08-22,cargo,0,15,15,14,15,15,15,15,15,15,15,15,15
407,2019-08-22,cargo,1,1,1,1,1,1,1,1,1,1,1,1,1
408,2019-08-23,cargo,0,16,16,14,16,16,16,16,16,16,16,16,16
409,2019-08-23,cargo,1,3,3,3,3,3,3,3,3,3,3,3,3
410,2019-08-24,cargo,0,17,17,16,17,17,17,17,17,17,17,17,17
411,2019-08-25,cargo,0,12,12,12,12,12,12,12,12,12,12,12,12
412,2019-08-25,cargo,1,1,1,1,1,1,1,1,1,1,1,1,1
413,2019-08-26,cargo,0,9,9,7,9,9,9,9,9,9,9,9,9
414,2019-08-26,cargo,1,1,1,1,1,1,1,1,1,1,1,1,1
415,2019-08-27,cargo,0,4,4,4,4,4,4,4,4,4,4,4,4
416,2019-08-27,cargo,1,4,4,4,4,4,4,4,4,4,4,4,4
417,2019-08-28,cargo,0,14,14,14,14,14,14,14,14,14,14,14,14
418,2019-08-28,cargo,1,3,3,3,3,3,3,3,3,3,3,3,3
419,2019-08-29,cargo,0,13,13,13,13,13,13,13,13,13,13,13,13
420,2019-08-30,cargo,0,15,15,14,15,15,15,15,15,15,15,15,15
421,2019-08-30,cargo,1,1,1,1,1,1,1,1,1,1,1,1,1
422,2019-08-31,cargo,0,15,15,13,15,15,15,15,15,15,15,15,15
423,2019-08-31,cargo,1,1,1,1,1,1,1,1,1,1,1,1,1
424,2019-09-01,cargo,0,13,13,13,13,13,13,13,13,13,13,13,13
425,2019-09-01,cargo,1,2,2,2,2,2,2,2,2,2,2,2,2
426,2019-09-02,cargo,0,8,8,7,8,8,8,8,8,8,8,8,8
427,2019-09-03,cargo,0,9,9,9,9,9,9,9,9,9,9,9,9
428,2019-09-03,cargo,1,3,3,2,3,3,3,3,3,3,3,3,3
429,2019-09-04,cargo,0,18,18,18,18,18,18,18,18,18,18,18,18
430,2019-09-04,cargo,1,2,2,2,2,2,2,2,2,2,2,2,2
431,2019-09-05,cargo,0,13,13,13,13,13,13,13,13,13,13,13,13
432,2019-09-05,cargo,1,1,1,1,1,1,1,1,1,1,1,1,1
433,2019-09-06,cargo,0,13,13,13,13,13,13,13,13,13,13,13,13
434,2019-09-06,cargo,1,1,1,1,1,1,1,1,1,1,1,1,1
435,2019-09-07,cargo,0,20,20,18,20,20,20,20,20,20,20,20,20
436,2019-09-08,cargo,0,13,13,12,13,13,13,13,13,13,13,13,13
437,2019-09-08,cargo,1,1,1,1,1,1,1,1,1,1,1,1,1
438,2019-09-09,cargo,0,8,8,6,8,8,8,8,8,8,8,8,8
439,2019-09-09,cargo,1,1,1,1,1,1,1,1,1,1,1,1,1
440,2019-09-10,cargo,0,8,8,8,8,8,8,8,8,8,8,8,8
441,2019-09-11,cargo,0,18,18,17,18,18,18,18,18,18,18,18,18
442,2019-09-11,cargo,1,3,3,1,3,3,3,3,3,3,3,3,3
443,2019-09-12,cargo,0,9,9,9,9,9,9,9,9,9,9,9,9
444,2019-09-12,cargo,1,2,2,2,2,2,2,2,2,2,2,2,2
445,2019-09-13,cargo,0,14,14,13,14,14,14,14,14,14,14,14,14
446,2019-09-13,cargo,1,1,1,1,1,1,1,1,1,1,1,1,1
447,2019-09-14,cargo,0,18,18,16,18,18,18,18,18,18,18,18,18
448,2019-09-14,cargo,1,3,3,2,3,3,3,3,3,3,3,3,3
449,2019-09-15,cargo,0,12,12,11,12,12,12,12,12,12,12,12,12
450,2019-09-15,cargo,1,2,2,2,2,2,2,2,2,2,2,2,2
451,2019-09-16,cargo,0,6,6,4,6,6,6,6,6,6,6,6,6
452,2019-09-16,cargo,1,1,1,0,1,1,1,1,1,1,1,1,1
453,2019-09-17,cargo,0,11,11,10,11,11,11,11,11,11,11,11,11
454,2019-09-17,cargo,1,2,2,2,2,2,2,2,2,2,2,2,2
455,2019-09-18,cargo,0,15,15,14,15,15,15,15,15,15,15,15,15
456,2019-09-18,cargo,1,2,2,2,2,2,2,2,2,2,2,2,2
457,2019-09-19,cargo,0,15,15,15,15,15,15,15,15,15,15,15,15
458,2019-09-19,cargo,1,3,3,1,3,3,3,3,3,3,3,3,3
459,2019-09-20,cargo,0,12,12,12,12,12,12,12,12,12,12,12,12
460,2019-09-20,cargo,1,2,2,2,2,2,2,2,2,2,2,2,2
461,2019-09-21,cargo,0,1,1,1,1,1,1,1,1,1,1,1,1
462,2019-09-22,cargo,0,1,1,0,1,1,1,1,1,1,1,1,1
463,2019-09-23,cargo,0,9,9,9,9,9,9,9,9,9,9,9,9
464,2019-09-23,cargo,1,1,1,0,1,1,1,1,1,1,1,1,1
465,2019-09-24,cargo,0,11,11,10,11,11,11,11,11,11,11,11,11
466,2019-09-24,cargo,1,3,3,3,3,3,3,3,3,3,3,3,3
467,2019-09-25,cargo,0,13,13,11,13,13,13,13,13,13,13,13,13
468,2019-09-25,cargo,1,2,2,2,2,2,2,2,2,2,2,2,2
469,2019-09-26,cargo,0,16,16,14,16,16,16,16,16,16,16,16,16
470,2019-09-26,cargo,1,4,4,3,4,4,4,4,4,4,4,4,4
471,2019-09-27,cargo,0,16,16,14,16,16,16,16,16,16,16,16,16
472,2019-09-27,cargo,1,2,2,2,2,2,2,2,2,2,2,2,2
473,2019-09-28,cargo,0,18,18,17,18,18,18,18,18,18,18,18,18
474,2019-09-28,cargo,1,1,1,0,1,1,1,1,1,1,1,1,1
475,2019-09-29,cargo,0,12,12,12,12,12,12,12,12,12,12,12,12
476,2019-09-30,cargo,0,8,8,8,8,8,8,8,8,8,8,8,8
477,2019-09-30,cargo,1,1,1,0,1,1,1,1,1,1,1,1,1
478,2019-10-01,cargo,0,10,10,9,10,10,10,10,10,10,10,10,10
479,2019-10-01,cargo,1,1,1,1,1,1,1,1,1,1,1,1,1
480,2019-10-02,cargo,0,14,14,13,14,14,14,14,14,14,14,14,14
481,2019-10-02,cargo,1,3,3,3,3,3,3,3,3,3,3,3,3
482,2019-10-03,cargo,0,14,14,13,14,14,14,14,14,14,14,14,14
483,2019-10-03,cargo,1,3,3,3,3,3,3,3,3,3,3,3,3
484,2019-10-04,cargo,0,15,15,15,15,15,15,15,15,15,15,15,15
485,2019-10-04,cargo,1,2,2,1,2,2,2,2,2,2,2,2,2
486,2019-10-05,cargo,0,12,12,11,12,12,12,12,12,12,12,12,12
487,2019-10-05,cargo,1,1,1,1,1,1,1,1,1,1,1,1,1
488,2019-10-06,cargo,0,12,12,10,12,12,12,12,12,12,12,12,12
489,2019-10-07,cargo,0,5,5,5,5,5,5,5,5,5,5,5,5
490,2019-10-07,cargo,1,1,1,0,1,1,1,1,1,1,1,1,1
491,2019-10-08,cargo,0,6,6,5,6,6,6,6,6,6,6,6,6
492,2019-10-08,cargo,1,1,1,1,1,1,1,1,1,1,1,1,1
493,2019-10-09,cargo,0,15,15,14,15,15,15,15,15,15,15,15,15
494,2019-10-09,cargo,1,2,2,2,2,2,2,2,2,2,2,2,2
495,2019-10-10,cargo,0,7,7,7,7,7,7,7,7,7,7,7,7
496,2019-10-10,cargo,1,1,1,1,1,1,1,1,1,1,1,1,1
497,2019-10-11,cargo,0,12,12,12,12,12,12,12,12,12,12,12,12
498,2019-10-11,cargo,1,3,3,3,3,3,3,3,3,3,3,3,3
499,2019-10-12,cargo,0,18,18,15,18,18,18,18,18,18,18,18,18
500,2019-10-12,cargo,1,1,1,1,1,1,1,1,1,1,1,1,1
501,2019-10-13,cargo,0,12,12,10,12,12,12,12,12,12,12,12,12
502,2019-10-13,cargo,1,1,1,1,1,1,1,1,1,1,1,1,1
503,2019-10-14,cargo,0,10,10,8,10,10,10,10,10,10,10,10,10
504,2019-10-14,cargo,1,2,2,1,2,2,2,2,2,2,2,2,2
505,2019-10-15,cargo,0,11,11,10,11,11,11,11,11,11,11,11,11
506,2019-10-15,cargo,1,2,2,2,2,2,2,2,2,2,2,2,2
507,2019-10-16,cargo,0,16,16,15,16,16,16,16,16,16,16,16,16
508,2019-10-16,cargo,1,2,2,2,2,2,2,2,2,2,2,2,2
509,2019-10-17,cargo,0,14,14,14,14,14,14,14,14,14,14,14,14
510,2019-10-18,cargo,0,18,18,18,18,18,18,18,18,18,18,18,18
511,2019-10-18,cargo,1,1,1,1,1,1,1,1,1,1,1,1,1
512,2019-10-19,cargo,0,19,19,17,19,19,19,19,19,19,19,19,19
513,2019-10-19,cargo,1,1,1,1,1,1,1,1,1,1,1,1,1
514,2019-10-20,cargo,0,14,14,12,14,14,14,14,14,14,14,14,14
515,2019-10-21,cargo,0,11,11,9,11,11,11,11,11,11,11,11,11
516,2019-10-21,cargo,1,1,1,0,1,1,1,1,1,1,1,1,1
517,2019-10-22,cargo,0,11,11,10,11,11,11,11,11,11,11,11,11
518,2019-10-22,cargo,1,1,1,1,1,1,1,1,1,1,1,1,1
519,2019-10-23,cargo,0,19,19,18,19,19,19,19,19,19,19,19,19
520,2019-10-23,cargo,1,3,3,3,3,3,3,3,3,3,3,3,3
521,2019-10-24,cargo,0,16,16,15,16,16,16,16,16,16,16,16,16
522,2019-10-25,cargo,0,16,16,14,16,16,16,16,16,16,16,16,16
523,2019-10-25,cargo,1,2,2,2,2,2,2,2,2,2,2,2,2
524,2019-10-26,cargo,0,17,17,17,17,17,17,17,17,17,17,17,17
525,2019-10-27,cargo,0,17,17,16,17,17,17,17,17,17,17,17,17
526,2019-10-28,cargo,0,13,13,10,13,13,13,13,13,13,13,13,13
527,2019-10-29,cargo,0,14,14,10,14,14,14,14,14,14,14,14,14
528,2019-10-29,cargo,1,4,4,4,4,4,4,4,4,4,4,4,4
529,2019-10-30,cargo,0,16,16,15,16,16,16,16,16,16,16,16,16
530,2019-10-30,cargo,1,2,2,2,2,2,2,2,2,2,2,2,2
531,2019-10-31,cargo,0,12,12,12,12,12,12,12,12,12,12,12,12
532,2019-11-01,cargo,0,15,15,14,15,15,15,15,15,15,15,15,15
533,2019-11-01,cargo,1,1,1,1,1,1,1,1,1,1,1,1,1
534,2019-11-02,cargo,0,11,11,7,11,11,11,11,11,11,11,11,11
535,2019-11-02,cargo,1,1,1,1,1,1,1,1,1,1,1,1,1
536,2019-11-03,cargo,0,16,16,15,16,16,16,16,16,16,16,16,16
537,2019-11-04,cargo,0,10,10,10,10,10,10,10,10,10,10,10,10
538,2019-11-04,cargo,1,1,1,1,1,1,1,1,1,1,1,1,1
539,2019-11-05,cargo,0,9,9,7,9,9,9,9,9,9,9,9,9
540,2019-11-05,cargo,1,1,1,0,1,1,1,1,1,1,1,1,1
541,2019-11-06,cargo,0,14,14,11,14,14,14,14,14,14,14,14,14
542,2019-11-06,cargo,1,2,2,1,2,2,2,2,2,2,2,2,2
543,2019-11-07,cargo,0,13,13,12,13,13,13,13,13,13,13,13,13
544,2019-11-08,cargo,0,17,17,16,17,17,17,17,17,17,17,17,17
545,2019-11-08,cargo,1,2,2,2,2,2,2,2,2,2,2,2,2
546,2019-11-09,cargo,0,18,18,15,18,18,18,18,18,18,18,18,18
547,2019-11-09,cargo,1,2,2,0,2,2,2,2,2,2,2,2,2
548,2019-11-10,cargo,0,19,19,17,19,19,19,19,19,19,19,19,19
549,2019-11-10,cargo,1,2,2,2,2,2,2,2,2,2,2,2,2
550,2019-11-11,cargo,0,11,11,10,11,11,11,11,11,11,11,11,11
551,2019-11-11,cargo,1,1,1,1,1,1,1,1,1,1,1,1,1
552,2019-11-12,cargo,0,10,10,8,10,10,10,10,10,10,10,10,10
553,2019-11-13,cargo,0,19,19,15,19,19,19,19,19,19,19,19,19
554,2019-11-13,cargo,1,2,2,1,2,2,2,2,2,2,2,2,2
555,2019-11-14,cargo,0,13,13,12,13,13,13,13,13,13,13,13,13
556,2019-11-14,cargo,1,2,2,2,2,2,2,2,2,2,2,2,2
557,2019-11-15,cargo,0,15,15,15,15,15,15,15,15,15,15,15,15
558,2019-11-15,cargo,1,1,1,1,1,1,1,1,1,1,1,1,1
559,2019-11-16,cargo,0,19,19,19,19,19,19,19,19,19,19,19,19
560,2019-11-16,cargo,1,1,1,0,1,1,1,1,1,1,1,1,1
561,2019-11-17,cargo,0,14,14,12,14,14,14,14,14,14,14,14,14
562,2019-11-17,cargo,1,3,3,3,3,3,3,3,3,3,3,3,3
563,2019-11-18,cargo,0,12,12,10,12,12,12,12,12,12,12,12,12
564,2019-11-19,cargo,0,11,11,10,11,11,11,11,11,11,11,11,11
565,2019-11-20,cargo,0,14,14,13,14,14,14,14,14,14,14,14,14
566,2019-11-20,cargo,1,1,1,1,1,1,1,1,1,1,1,1,1
567,2019-11-21,cargo,0,9,9,9,9,9,9,9,9,9,9,9,9
568,2019-11-22,cargo,0,14,14,13,14,14,14,14,14,14,14,14,14
569,2019-11-22,cargo,1,2,2,2,2,2,2,2,2,2,2,2,2
570,2019-11-23,cargo,0,17,17,13,17,17,17,17,17,17,17,17,17
571,2019-11-23,cargo,1,1,1,1,1,1,1,1,1,1,1,1,1
572,2019-11-24,cargo,0,16,16,14,16,16,16,16,16,16,16,16,16
573,2019-11-25,cargo,0,14,14,13,14,14,14,14,14,14,14,14,14
574,2019-11-26,cargo,0,12,12,9,12,12,12,12,12,12,12,12,12
575,2019-11-26,cargo,1,1,1,1,1,1,1,1,1,1,1,1,1
576,2019-11-27,cargo,0,16,16,14,16,16,16,16,16,16,16,16,16
577,2019-11-27,cargo,1,3,3,2,3,3,3,3,3,3,3,3,3
578,2019-11-28,cargo,0,10,10,9,10,10,10,10,10,10,10,10,10
579,2019-11-29,cargo,0,19,19,18,19,19,19,19,19,19,19,19,19
580,2019-11-29,cargo,1,1,1,1,1,1,1,1,1,1,1,1,1
581,2019-11-30,cargo,0,18,18,16,18,18,18,18,18,18,18,18,18
582,2019-11-30,cargo,1,1,1,1,1,1,1,1,1,1,1,1,1
583,2019-12-01,cargo,0,11,11,10,11,11,11,11,11,11,11,11,11
584,2019-12-01,cargo,1,1,1,0,1,1,1,1,1,1,1,1,1
585,2019-12-02,cargo,0,12,12,9,12,12,12,12,12,12,12,12,12
586,2019-12-03,cargo,0,11,11,11,11,11,11,11,11,11,11,11,11
587,2019-12-04,cargo,0,14,14,13,14,14,14,14,14,14,14,14,14
588,2019-12-04,cargo,1,2,2,1,2,2,2,2,2,2,2,2,2
589,2019-12-05,cargo,0,13,13,11,13,13,13,13,13,13,13,13,13
590,2019-12-06,cargo,0,18,18,17,18,18,18,18,18,18,18,18,18
591,2019-12-07,cargo,0,13,13,12,13,13,13,13,13,13,13,13,13
592,2019-12-07,cargo,1,3,3,2,3,3,3,3,3,3,3,3,3
593,2019-12-08,cargo,0,17,17,15,17,17,17,17,17,17,17,17,17
594,2019-12-08,cargo,1,2,2,2,2,2,2,2,2,2,2,2,2
595,2019-12-09,cargo,0,11,11,8,11,11,11,11,11,11,11,11,11
596,2019-12-09,cargo,1,1,1,1,1,1,1,1,1,1,1,1,1
597,2019-12-10,cargo,0,12,12,10,12,12,12,12,12,12,12,12,12
598,2019-12-11,cargo,0,15,15,14,15,15,15,15,15,15,15,15,15
599,2019-12-11,cargo,1,2,2,2,2,2,2,2,2,2,2,2,2
600,2019-12-12,cargo,0,14,14,13,14,14,14,14,14,14,14,14,14
601,2019-12-13,cargo,0,10,10,10,10,10,10,10,10,10,10,10,10
602,2019-12-13,cargo,1,2,2,2,2,2,2,2,2,2,2,2,2
603,2019-12-15,cargo,0,17,17,15,17,17,17,17,17,17,17,17,17
604,2019-12-16,cargo,0,12,12,10,12,12,12,12,12,12,12,12,12
605,2019-12-17,cargo,0,5,5,5,5,5,5,5,5,5,5,5,5
606,2019-12-18,cargo,0,16,16,15,16,16,16,16,16,16,16,16,16
607,2019-12-18,cargo,1,2,2,1,2,2,2,2,2,2,2,2,2
608,2019-12-19,cargo,0,13,13,12,13,13,13,13,13,13,13,13,13
609,2019-12-20,cargo,0,19,19,16,19,19,19,19,19,19,19,19,19
610,2019-12-21,cargo,0,6,6,5,6,6,6,6,6,6,6,6,6
611,2019-12-21,cargo,1,2,2,2,2,2,2,2,2,2,2,2,2
612,2019-12-22,cargo,0,16,16,16,16,16,16,16,16,16,16,16,16
613,2019-12-22,cargo,1,2,2,2,2,2,2,2,2,2,2,2,2
614,2019-12-23,cargo,0,10,10,8,10,10,10,10,10,10,10,10,10
615,2019-12-23,cargo,1,2,2,2,2,2,2,2,2,2,2,2,2
616,2019-12-24,cargo,0,10,10,9,10,10,10,10,10,10,10,10,10
617,2019-12-25,cargo,0,12,12,10,12,12,12,12,12,12,12,12,12
618,2019-12-25,cargo,1,1,1,1,1,1,1,1,1,1,1,1,1
619,2019-12-26,cargo,0,10,10,9,10,10,10,10,10,10,10,10,10
620,2019-12-27,cargo,0,3,3,3,3,3,3,3,3,3,3,3,3
621,2019-12-28,cargo,0,6,6,6,6,6,6,6,6,6,6,6,6
622,2019-12-28,cargo,1,2,2,2,2,2,2,2,2,2,2,2,2
623,2019-12-29,cargo,0,7,7,6,7,7,7,7,7,7,7,7,7
624,2019-12-29,cargo,1,1,1,1,1,1,1,1,1,1,1,1,1
625,2019-12-30,cargo,0,3,3,2,3,3,3,3,3,3,3,3,3
626,2019-12-31,cargo,0,4,4,4,4,4,4,4,4,4,4,4,4
627,2020-01-01,cargo,0,4,4,4,4,4,4,4,4,4,4,4,4
628,2020-01-01,cargo,1,1,1,1,1,1,1,1,1,1,1,1,1
629,2020-01-03,cargo,0,4,4,4,4,4,4,4,4,4,4,4,4
630,2020-01-04,cargo,0,7,7,7,7,7,7,7,7,7,7,7,7
631,2020-01-04,cargo,1,1,1,1,1,1,1,1,1,1,1,1,1
632,2020-01-05,cargo,0,9,9,9,9,9,9,9,9,9,9,9,9
633,2020-01-05,cargo,1,3,3,3,3,3,3,3,3,3,3,3,3
634,2020-01-06,cargo,0,5,5,5,5,5,5,5,5,5,5,5,5
635,2020-01-07,cargo,0,3,3,3,3,3,3,3,3,3,3,3,3
636,2020-01-08,cargo,0,9,9,9,9,9,9,9,9,9,9,9,9
637,2020-01-08,cargo,1,1,1,1,1,1,1,1,1,1,1,1,1
638,2020-01-09,cargo,0,6,6,6,6,6,6,6,6,6,6,6,6
639,2020-01-10,cargo,0,13,13,13,13,13,13,13,13,13,13,13,13
640,2020-01-11,cargo,0,10,10,10,10,10,10,10,10,10,10,10,10
641,2020-01-12,cargo,0,8,8,8,8,8,8,8,8,8,8,8,8
642,2020-01-13,cargo,0,8,8,8,8,8,8,8,8,8,8,8,8
643,2020-01-13,cargo,1,1,1,1,1,1,1,1,1,1,1,1,1
644,2020-01-14,cargo,0,10,10,10,10,10,10,10,10,10,10,10,10
645,2020-01-15,cargo,0,12,12,12,12,12,12,12,12,12,12,12,12
646,2020-01-15,cargo,1,1,1,1,1,1,1,1,1,1,1,1,1
647,2020-01-16,cargo,0,12,12,12,12,12,12,12,12,12,12,12,12
648,2020-01-16,cargo,1,2,2,2,2,2,2,2,2,2,2,2,2
649,2020-01-17,cargo,0,14,14,14,14,14,14,14,14,14,14,14,14
650,2020-01-18,cargo,0,14,14,14,14,14,14,14,14,14,14,14,14
651,2020-01-19,cargo,0,8,8,8,8,8,8,8,8,8,8,8,8
652,2020-01-20,cargo,0,11,11,11,11,11,11,11,11,11,11,11,11
653,2020-01-20,cargo,1,1,1,1,1,1,1,1,1,1,1,1,1
654,2020-01-21,cargo,0,5,5,5,5,5,5,5,5,5,5,5,5
655,2020-01-22,cargo,0,17,17,17,17,17,17,17,17,17,17,17,17
656,2020-01-22,cargo,1,3,3,3,3,3,3,3,3,3,3,3,3
657,2020-01-23,cargo,0,12,12,12,12,12,12,12,12,12,12,12,12
658,2020-01-24,cargo,0,17,17,17,17,17,17,17,17,17,17,17,17
659,2020-01-24,cargo,1,1,1,1,1,1,1,1,1,1,1,1,1
660,2020-01-25,cargo,0,7,7,7,7,7,7,7,7,7,7,7,7
661,2020-01-25,cargo,1,1,1,1,1,1,1,1,1,1,1,1,1
662,2020-01-26,cargo,0,14,14,14,14,14,14,14,14,14,14,14,14
663,2020-01-26,cargo,1,2,2,2,2,2,2,2,2,2,2,2,2
664,2020-01-27,cargo,0,9,9,9,9,9,9,9,9,9,9,9,9
665,2020-01-28,cargo,0,6,6,6,6,6,6,6,6,6,6,6,6
666,2020-01-29,cargo,0,12,12,12,12,12,12,12,12,12,12,12,12
667,2020-01-29,cargo,1,1,1,1,1,1,1,1,1,1,1,1,1
668,2020-01-30,cargo,0,7,7,7,7,7,7,7,7,7,7,7,7
669,2020-01-31,cargo,0,13,13,12,13,13,13,13,13,13,13,13,13
670,2020-01-31,cargo,1,2,2,2,2,2,2,2,2,2,2,2,2
671,2020-02-01,cargo,0,13,13,10,13,13,13,13,13,13,13,13,13
672,2020-02-02,cargo,0,10,10,10,10,10,10,10,10,10,10,10,10
673,2020-02-02,cargo,1,2,2,2,2,2,2,2,2,2,2,2,2
674,2020-02-03,cargo,0,7,7,5,7,7,7,7,7,7,7,7,7
675,2020-02-03,cargo,1,1,1,1,1,1,1,1,1,1,1,1,1
676,2020-02-04,cargo,0,7,7,5,7,7,7,7,7,7,7,7,7
677,2020-02-05,cargo,0,14,14,12,14,14,14,14,14,14,14,14,14
678,2020-02-05,cargo,1,1,1,0,1,1,1,1,1,1,1,1,1
679,2020-02-06,cargo,0,13,13,12,13,13,13,13,13,13,13,13,13
680,2020-02-07,cargo,0,13,13,12,13,13,13,13,13,13,13,13,13
681,2020-02-08,cargo,0,14,14,13,14,14,14,14,14,14,14,14,14
682,2020-02-09,cargo,0,14,14,13,14,14,14,14,14,14,14,14,14
683,2020-02-10,cargo,0,8,8,8,8,8,8,8,8,8,8,8,8
684,2020-02-11,cargo,0,10,10,8,10,10,10,10,10,10,10,10,10
685,2020-02-12,cargo,0,13,13,10,13,13,13,13,13,13,13,13,13
686,2020-02-12,cargo,1,1,1,1,1,1,1,1,1,1,1,1,1
687,2020-02-13,cargo,0,13,13,10,13,13,13,13,13,13,13,13,13
688,2020-02-14,cargo,0,10,10,8,10,10,10,10,10,10,10,10,10
689,2020-02-15,cargo,0,15,15,14,15,15,15,15,15,15,15,15,15
690,2020-02-15,cargo,1,2,2,2,2,2,2,2,2,2,2,2,2
691,2020-02-16,cargo,0,9,9,8,9,9,9,9,9,9,9,9,9
692,2020-02-17,cargo,0,9,9,7,9,9,9,9,9,9,9,9,9
693,2020-02-17,cargo,1,2,2,2,2,2,2,2,2,2,2,2,2
694,2020-02-18,cargo,0,13,13,11,13,13,13,13,13,13,13,13,13
695,2020-02-19,cargo,0,14,14,13,14,14,14,14,14,14,14,14,14
696,2020-02-19,cargo,1,1,1,1,1,1,1,1,1,1,1,1,1
697,2020-02-20,cargo,0,14,14,12,14,14,14,14,14,14,14,14,14
698,2020-02-21,cargo,0,16,16,14,16,16,16,16,16,16,16,16,16
699,2020-02-22,cargo,0,16,16,14,16,16,16,16,16,16,16,16,16
700,2020-02-23,cargo,0,13,13,11,13,13,13,13,13,13,13,13,13
701,2020-02-24,cargo,0,7,7,5,7,7,7,7,7,7,7,7,7
702,2020-02-25,cargo,0,9,9,8,9,9,9,9,9,9,9,9,9
703,2020-02-26,cargo,0,12,12,11,12,12,12,12,12,12,12,12,12
704,2020-02-26,cargo,1,1,1,1,1,1,1,1,1,1,1,1,1
705,2020-02-27,cargo,0,14,14,12,14,14,14,14,14,14,14,14,14
706,2020-02-27,cargo,1,1,1,1,1,1,1,1,1,1,1,1,1
707,2020-02-28,cargo,0,17,17,15,17,17,17,17,17,17,17,17,17
708,2020-02-28,cargo,1,3,3,3,3,3,3,3,3,3,3,3,3
709,2020-02-29,cargo,0,16,16,14,16,16,16,16,16,16,16,16,16
710,2020-03-01,cargo,0,14,14,13,14,14,14,14,14,14,14,14,14
711,2020-03-02,cargo,0,11,11,8,11,11,11,11,11,11,11,11,11
712,2020-03-03,cargo,0,13,13,11,13,13,13,13,13,13,13,13,13
713,2020-03-04,cargo,0,12,12,10,12,12,12,12,12,12,12,12,12
714,2020-03-04,cargo,1,1,1,1,1,1,1,1,1,1,1,1,1
715,2020-03-05,cargo,0,15,15,12,15,15,15,15,15,15,15,15,15
716,2020-03-06,cargo,0,20,20,18,20,20,20,20,20,20,20,20,20
717,2020-03-07,cargo,0,18,18,14,18,18,18,18,18,18,18,18,18
718,2020-03-08,cargo,0,19,19,18,19,19,19,19,19,19,19,19,19
719,2020-03-08,cargo,1,1,1,1,1,1,1,1,1,1,1,1,1
720,2020-03-09,cargo,0,14,14,13,14,14,14,14,14,14,14,14,14
721,2020-03-09,cargo,1,2,2,2,2,2,2,2,2,2,2,2,2
722,2020-03-10,cargo,0,10,10,6,10,10,10,10,10,10,10,10,10
723,2020-03-11,cargo,0,13,13,11,13,13,13,13,13,13,13,13,13
724,2020-03-11,cargo,1,2,2,2,2,2,2,2,2,2,2,2,2
725,2020-03-12,cargo,0,15,15,12,15,15,15,15,15,15,15,15,15
726,2020-03-12,cargo,1,1,1,1,1,1,1,1,1,1,1,1,1
727,2020-03-13,cargo,0,19,19,16,19,19,19,19,19,19,19,19,19
728,2020-03-14,cargo,0,18,18,17,18,18,18,18,18,18,18,18,18
729,2020-03-15,cargo,0,17,17,16,17,17,17,17,17,17,17,17,17
730,2020-03-16,cargo,0,12,12,10,12,12,12,12,12,12,12,12,12
731,2020-03-17,cargo,0,15,15,13,15,15,15,15,15,15,15,15,15
732,2020-03-18,cargo,0,15,15,13,15,15,15,15,15,15,15,15,15
733,2020-03-18,cargo,1,1,1,1,1,1,1,1,1,1,1,1,1
734,2020-03-19,cargo,0,21,21,18,21,21,21,21,21,21,21,21,21
735,2020-03-19,cargo,1,1,1,1,1,1,1,1,1,1,1,1,1
736,2020-03-20,cargo,0,19,19,16,19,19,19,19,19,19,19,19,19
737,2020-03-21,cargo,0,15,15,14,15,15,15,15,15,15,15,15,15
738,2020-03-22,cargo,0,16,16,13,16,16,16,16,16,16,16,16,16
739,2020-03-23,cargo,0,13,13,11,13,13,13,13,13,13,13,13,13
740,2020-03-24,cargo,0,15,15,13,15,15,15,15,15,15,15,15,15
741,2020-03-25,cargo,0,16,16,14,16,16,16,16,16,16,16,16,16
742,2020-03-26,cargo,0,15,15,14,15,15,15,15,15,15,15,15,15
743,2020-03-27,cargo,0,17,17,15,17,17,17,17,17,17,17,17,17
744,2020-03-28,cargo,0,17,17,15,17,17,17,17,17,17,17,17,17
745,2020-03-29,cargo,0,18,18,16,18,18,18,18,18,18,18,18,18
746,2020-03-30,cargo,0,17,17,16,17,17,17,17,17,17,17,17,17
747,2020-03-31,cargo,0,16,16,15,16,16,16,16,16,16,16,16,16
748,2020-04-01,cargo,0,17,17,15,17,17,17,17,17,17,17,17,17
749,2020-04-02,cargo,0,20,20,16,20,20,20,20,20,20,20,20,20
750,2020-04-02,cargo,1,1,1,1,1,1,1,1,1,1,1,1,1
751,2020-04-03,cargo,0,18,18,16,18,18,18,18,18,18,18,18,18
752,2020-04-04,cargo,0,12,12,9,12,12,12,12,12,12,12,12,12
753,2020-04-04,cargo,1,1,1,1,1,1,1,1,1,1,1,1,1
754,2020-04-05,cargo,0,15,15,13,15,15,15,15,15,15,15,15,15
755,2020-04-06,cargo,0,15,15,12,15,15,15,15,15,15,15,15,15
756,2020-04-07,cargo,0,18,18,16,18,18,18,18,18,18,18,18,18
757,2020-04-07,cargo,1,1,1,1,1,1,1,1,1,1,1,1,1
758,2020-04-08,cargo,0,21,21,18,21,21,21,21,21,21,21,21,21
759,2020-04-09,cargo,0,18,18,18,18,18,18,18,18,18,18,18,18
760,2020-04-10,cargo,0,20,20,18,20,20,20,20,20,20,20,20,20
761,2020-04-11,cargo,0,18,18,16,18,18,18,18,18,18,18,18,18
762,2020-04-12,cargo,0,13,13,10,13,13,13,13,13,13,13,13,13
763,2020-04-13,cargo,0,17,17,15,17,17,17,17,17,17,17,17,17
764,2020-04-14,cargo,0,14,14,12,14,14,14,14,14,14,14,14,14
765,2020-04-14,cargo,1,1,1,1,1,1,1,1,1,1,1,1,1
766,2020-04-15,cargo,0,17,17,16,17,17,17,17,17,17,17,17,17
767,2020-04-16,cargo,0,16,16,15,16,16,16,16,16,16,16,16,16
768,2020-04-17,cargo,0,19,19,16,19,19,19,19,19,19,19,19,19
769,2020-04-18,cargo,0,21,21,19,21,21,21,21,21,21,21,21,21
770,2020-04-19,cargo,0,15,15,13,15,15,15,15,15,15,15,15,15
771,2020-04-20,cargo,0,17,17,16,17,17,17,17,17,17,17,17,17
772,2020-04-21,cargo,0,17,17,14,17,17,17,17,17,17,17,17,17
773,2020-04-21,cargo,1,1,1,0,1,1,1,1,1,1,1,1,1
774,2020-04-22,cargo,0,21,21,19,21,21,21,21,21,21,21,21,21
775,2020-04-22,cargo,1,2,2,1,2,2,2,2,2,2,2,2,2
776,2020-04-23,cargo,0,18,18,15,18,18,18,18,18,18,18,18,18
777,2020-04-24,cargo,0,16,16,13,16,16,16,16,16,16,16,16,16
778,2020-04-25,cargo,0,20,20,18,20,20,20,20,20,20,20,20,20
779,2020-04-26,cargo,0,17,17,14,17,17,17,17,17,17,17,17,17
780,2020-04-27,cargo,0,18,18,15,18,18,18,18,18,18,18,18,18
781,2020-04-28,cargo,0,16,16,13,16,16,16,16,16,16,16,16,16
782,2020-04-29,cargo,0,17,17,15,17,17,17,17,17,17,17,17,17
783,2020-04-30,cargo,0,15,15,14,15,15,15,15,15,15,15,15,15
784,2020-05-01,cargo,0,12,12,11,12,12,12,12,12,12,12,12,12
785,2020-05-02,cargo,0,18,18,15,18,18,18,18,18,18,18,18,18
786,2020-05-03,cargo,0,13,13,12,13,13,13,13,13,13,13,13,13
787,2020-05-04,cargo,0,14,14,11,14,14,14,14,14,14,14,14,14
788,2020-05-05,cargo,0,14,14,13,14,14,14,14,14,14,14,14,14
789,2020-05-05,cargo,1,1,1,1,1,1,1,1,1,1,1,1,1
790,2020-05-06,cargo,0,17,17,14,17,17,17,17,17,17,17,17,17
791,2020-05-07,cargo,0,12,12,11,12,12,12,12,12,12,12,12,12
792,2020-05-08,cargo,0,18,18,17,18,18,18,18,18,18,18,18,18
793,2020-05-09,cargo,0,21,21,17,21,21,21,21,21,21,21,21,21
794,2020-05-10,cargo,0,19,19,18,19,19,19,19,19,19,19,19,19
795,2020-05-11,cargo,0,13,13,12,13,13,13,13,13,13,13,13,13
796,2020-05-12,cargo,0,20,20,18,20,20,20,20,20,20,20,20,20
797,2020-05-13,cargo,0,23,23,19,23,23,23,23,23,23,23,23,23
798,2020-05-14,cargo,0,17,17,15,17,17,17,17,17,17,17,17,17
799,2020-05-14,cargo,1,1,1,1,1,1,1,1,1,1,1,1,1
800,2020-05-15,cargo,0,14,14,12,14,14,14,14,14,14,14,14,14
801,2020-05-16,cargo,0,20,20,17,20,20,20,20,20,20,20,20,20
802,2020-05-17,cargo,0,22,22,19,22,22,22,22,22,22,22,22,22
803,2020-05-18,cargo,0,13,13,11,13,13,13,13,13,13,13,13,13
804,2020-05-18,cargo,1,1,1,1,1,1,1,1,1,1,1,1,1
805,2020-05-19,cargo,0,18,18,15,18,18,18,18,18,18,18,18,18
806,2020-05-20,cargo,0,26,26,22,26,26,26,26,26,26,26,26,26
807,2020-05-21,cargo,0,24,24,21,24,24,24,24,24,24,24,24,24
808,2020-05-22,cargo,0,20,20,17,20,20,20,20,20,20,20,20,20
809,2020-05-23,cargo,0,22,22,18,22,22,22,22,22,22,22,22,22
810,2020-05-24,cargo,0,21,21,19,21,21,21,21,21,21,21,21,21
811,2020-05-25,cargo,0,18,18,17,18,18,18,18,18,18,18,18,18
812,2020-05-25,cargo,1,1,1,1,1,1,1,1,1,1,1,1,1
813,2020-05-26,cargo,0,20,20,18,20,20,20,20,20,20,20,20,20
814,2020-05-27,cargo,0,25,25,21,25,25,25,25,25,25,25,25,25
815,2020-05-28,cargo,0,23,23,19,23,23,23,23,23,23,23,23,23
816,2020-05-29,cargo,0,21,21,18,21,21,21,21,21,21,21,21,21
817,2020-05-29,cargo,1,2,2,2,2,2,2,2,2,2,2,2,2
818,2020-05-30,cargo,0,23,23,20,23,23,23,23,23,23,23,23,23
819,2020-05-30,cargo,1,2,2,2,2,2,2,2,2,2,2,2,2
820,2020-05-31,cargo,0,20,20,16,20,20,20,20,20,20,20,20,20
821,2020-06-01,cargo,0,15,15,12,15,15,15,15,15,15,15,15,15
822,2020-06-01,cargo,1,3,3,3,3,3,3,3,3,3,3,3,3
823,2020-06-02,cargo,0,20,20,17,20,20,20,20,20,20,20,20,20
824,2020-06-03,cargo,0,21,21,18,21,21,21,21,21,21,21,21,21
825,2020-06-03,cargo,1,1,1,1,1,1,1,1,1,1,1,1,1
826,2020-06-04,cargo,0,20,20,17,20,20,20,20,20,20,20,20,20
827,2020-06-05,cargo,0,21,21,18,21,21,21,21,21,21,21,21,21
828,2020-06-05,cargo,1,2,2,2,2,2,2,2,2,2,2,2,2
829,2020-06-06,cargo,0,22,22,19,22,22,22,22,22,22,22,22,22
830,2020-06-06,cargo,1,1,1,1,1,1,1,1,1,1,1,1,1
831,2020-06-07,cargo,0,17,17,14,17,17,17,17,17,17,17,17,17
832,2020-06-08,cargo,0,16,16,12,16,16,16,16,16,16,16,16,16
833,2020-06-09,cargo,0,16,16,13,16,16,16,16,16,16,16,16,16
834,2020-06-10,cargo,0,23,23,20,23,23,23,23,23,23,23,23,23
835,2020-06-11,cargo,0,20,20,18,20,20,20,20,20,20,20,20,20
836,2020-06-12,cargo,0,22,22,20,22,22,22,22,22,22,22,22,22
837,2020-06-12,cargo,1,2,2,2,2,2,2,2,2,2,2,2,2
838,2020-06-13,cargo,0,24,24,22,24,24,24,24,24,24,24,24,24
839,2020-06-14,cargo,0,19,19,16,19,19,19,19,19,19,19,19,19
840,2020-06-14,cargo,1,1,1,1,1,1,1,1,1,1,1,1,1
841,2020-06-15,cargo,0,14,14,10,14,14,14,14,14,14,14,14,14
842,2020-06-16,cargo,0,8,8,7,8,8,8,8,8,8,8,8,8
843,2020-06-17,cargo,0,19,19,16,19,19,19,19,19,19,19,19,19
844,2020-06-18,cargo,0,21,21,18,21,21,21,21,21,21,21,21,21
845,2020-06-19,cargo,0,20,20,18,20,20,20,20,20,20,20,20,20
846,2020-06-19,cargo,1,1,1,1,1,1,1,1,1,1,1,1,1
847,2020-06-20,cargo,0,22,22,19,22,22,22,22,22,22,22,22,22
848,2020-06-21,cargo,0,18,18,15,18,18,18,18,18,18,18,18,18
849,2020-06-22,cargo,0,15,15,12,15,15,15,15,15,15,15,15,15
850,2020-06-23,cargo,0,19,19,16,19,19,19,19,19,19,19,19,19
851,2020-06-24,cargo,0,18,18,18,18,18,18,18,18,18,18,18,18
852,2020-06-25,cargo,0,19,19,17,19,19,19,19,19,19,19,19,19
853,2020-06-26,cargo,0,21,21,18,21,21,21,21,21,21,21,21,21
854,2020-06-26,cargo,1,7,7,7,7,7,7,7,7,7,7,7,7
855,2020-06-27,cargo,0,22,22,19,22,22,22,22,22,22,22,22,22
856,2020-06-27,cargo,1,1,1,1,1,1,1,1,1,1,1,1,1
857,2020-06-28,cargo,0,19,19,17,19,19,19,19,19,19,19,19,19
858,2020-06-29,cargo,0,17,17,13,17,17,17,17,17,17,17,17,17
859,2020-06-29,cargo,1,2,2,2,2,2,2,2,2,2,2,2,2
860,2020-06-30,cargo,0,17,17,16,17,17,17,17,17,17,17,17,17
861,2020-06-30,cargo,1,3,3,3,3,3,3,3,3,3,3,3,3
862,2020-07-01,cargo,0,21,21,21,21,21,21,21,21,21,21,21,21
863,2020-07-02,cargo,0,19,19,19,19,19,19,19,19,19,19,19,19
864,2020-07-03,cargo,0,20,20,20,20,20,20,20,20,20,20,20,20
865,2020-07-03,cargo,1,1,1,1,1,1,1,1,1,1,1,1,1
866,2020-07-04,cargo,0,21,21,21,21,21,21,21,21,21,21,21,21
867,2020-07-04,cargo,1,2,2,2,2,2,2,2,2,2,2,2,2
868,2020-07-05,cargo,0,20,20,20,20,20,20,20,20,20,20,20,20
869,2020-07-06,cargo,0,18,18,18,18,18,18,18,18,18,18,18,18
870,2020-07-07,cargo,0,17,17,17,17,17,17,17,17,17,17,17,17
871,2020-07-07,cargo,1,2,2,2,2,2,2,2,2,2,2,2,2
872,2020-07-08,cargo,0,20,20,20,20,20,20,20,20,20,20,20,20
873,2020-07-09,cargo,0,17,17,17,17,17,17,17,17,17,17,17,17
874,2020-07-09,cargo,1,1,1,1,1,1,1,1,1,1,1,1,1
875,2020-07-10,cargo,0,18,18,18,18,18,18,18,18,18,18,18,18
876,2020-07-10,cargo,1,2,2,2,2,2,2,2,2,2,2,2,2
877,2020-07-11,cargo,0,17,17,17,17,17,17,17,17,17,17,17,17
878,2020-07-12,cargo,0,14,14,14,14,14,14,14,14,14,14,14,14
879,2020-07-12,cargo,1,1,1,0,1,1,1,1,1,1,1,1,1
880,2020-07-13,cargo,0,13,13,13,13,13,13,13,13,13,13,13,13
881,2020-07-14,cargo,0,17,17,17,17,17,17,17,17,17,17,17,17
882,2020-07-15,cargo,0,19,19,19,19,19,19,19,19,19,19,19,19
883,2020-07-15,cargo,1,1,1,1,1,1,1,1,1,1,1,1,1
884,2020-07-16,cargo,0,14,14,14,14,14,14,14,14,14,14,14,14
885,2020-07-16,cargo,1,2,2,2,2,2,2,2,2,2,2,2,2
886,2020-07-17,cargo,0,22,22,22,22,22,22,22,22,22,22,22,22
887,2020-07-17,cargo,1,5,5,3,5,5,5,5,5,5,5,5,5
888,2020-07-18,cargo,0,12,12,12,12,12,12,12,12,12,12,12,12
889,2020-07-19,cargo,0,11,11,11,11,11,11,11,11,11,11,11,11
890,2020-07-19,cargo,1,3,3,3,3,3,3,3,3,3,3,3,3
891,2020-07-20,cargo,0,14,14,14,14,14,14,14,14,14,14,14,14
892,2020-07-20,cargo,1,2,2,2,2,2,2,2,2,2,2,2,2
893,2020-07-21,cargo,0,17,17,17,17,17,17,17,17,17,17,17,17
894,2020-07-22,cargo,0,22,22,22,22,22,22,22,22,22,22,22,22
895,2020-07-22,cargo,1,3,3,3,3,3,3,3,3,3,3,3,3
896,2020-07-23,cargo,0,14,14,14,14,14,14,14,14,14,14,14,14
897,2020-07-24,cargo,0,19,19,19,19,19,19,19,19,19,19,19,19
898,2020-07-24,cargo,1,1,1,1,1,1,1,1,1,1,1,1,1
899,2020-07-25,cargo,0,17,17,17,17,17,17,17,17,17,17,17,17
900,2020-07-26,cargo,0,19,19,19,19,19,19,19,19,19,19,19,19
901,2020-07-27,cargo,0,14,14,14,14,14,14,14,14,14,14,14,14
902,2020-07-28,cargo,0,16,16,15,16,16,16,16,16,16,16,16,16
903,2020-07-28,cargo,1,1,1,1,1,1,1,1,1,1,1,1,1
904,2020-07-29,cargo,0,20,20,20,20,20,20,20,20,20,20,20,20
905,2020-07-30,cargo,0,11,11,11,11,11,11,11,11,11,11,11,11
906,2020-07-30,cargo,1,3,3,3,3,3,3,3,3,3,3,3,3
907,2020-07-31,cargo,0,19,19,19,19,19,19,19,19,19,19,19,19
908,2020-07-31,cargo,1,1,1,1,1,1,1,1,1,1,1,1,1
909,2020-08-01,cargo,0,15,15,15,15,15,15,15,15,15,15,15,15
910,2020-08-02,cargo,0,17,17,17,17,17,17,17,17,17,17,17,17
911,2020-08-03,cargo,0,11,11,11,11,11,11,11,11,11,11,11,11
912,2020-08-03,cargo,1,2,2,2,2,2,2,2,2,2,2,2,2
913,2020-08-04,cargo,0,11,11,11,11,11,11,11,11,11,11,11,11
914,2020-08-04,cargo,1,2,2,2,2,2,2,2,2,2,2,2,2
915,2020-08-05,cargo,0,17,17,17,17,17,17,17,17,17,17,16,17
916,2020-08-05,cargo,1,1,1,1,1,1,1,1,1,1,1,1,1
917,2020-08-06,cargo,0,16,16,16,16,16,16,16,16,16,16,16,16
918,2020-08-06,cargo,1,1,1,1,1,1,1,1,1,1,1,1,1
919,2020-08-07,cargo,0,15,15,15,15,15,15,15,15,15,15,15,15
920,2020-08-07,cargo,1,6,6,5,6,6,6,6,6,6,6,6,6
921,2020-08-08,cargo,0,14,14,14,14,14,14,14,14,14,14,14,14
922,2020-08-08,cargo,1,3,3,3,3,3,3,3,3,3,3,3,3
923,2020-08-09,cargo,0,13,13,13,13,13,13,13,13,13,13,13,13
924,2020-08-10,cargo,0,12,12,12,12,12,12,12,12,12,12,12,12
925,2020-08-11,cargo,0,10,10,10,10,10,10,10,10,10,10,10,10
926,2020-08-12,cargo,0,16,16,16,16,16,16,16,16,16,16,16,16
927,2020-08-12,cargo,1,2,2,2,2,2,2,2,2,2,2,2,2
928,2020-08-13,cargo,0,16,16,16,16,16,16,16,16,16,16,16,16
929,2020-08-14,cargo,0,9,9,9,9,9,9,9,9,9,9,9,9
930,2020-08-14,cargo,1,3,3,3,3,3,3,3,3,3,3,3,3
931,2020-08-15,cargo,0,15,15,15,15,15,15,15,15,15,15,15,15
932,2020-08-15,cargo,1,2,2,2,2,2,2,2,2,2,2,2,2
933,2020-08-16,cargo,0,14,14,14,14,14,14,14,14,14,14,14,14
934,2020-08-16,cargo,1,3,3,3,3,3,3,3,3,3,3,3,3
935,2020-08-17,cargo,0,13,13,13,13,13,13,13,13,13,13,13,13
936,2020-08-18,cargo,0,13,13,13,13,13,13,13,13,13,13,13,13
937,2020-08-19,cargo,0,13,13,13,13,13,13,13,13,13,13,13,13
938,2020-08-20,cargo,0,15,15,15,15,15,15,15,15,15,15,15,15
939,2020-08-20,cargo,1,1,1,1,1,1,1,1,1,1,1,1,1
940,2020-08-21,cargo,0,20,20,20,20,20,20,20,20,20,20,20,20
941,2020-08-21,cargo,1,3,3,3,3,3,3,3,3,3,3,3,3
942,2020-08-22,cargo,0,16,16,16,16,16,16,16,16,16,16,16,16
943,2020-08-22,cargo,1,1,1,1,1,1,1,1,1,1,1,1,1
944,2020-08-23,cargo,0,19,19,19,19,19,19,19,19,19,19,19,19
945,2020-08-24,cargo,0,11,11,11,11,11,11,11,11,11,11,11,11
946,2020-08-25,cargo,0,13,13,13,13,13,13,13,13,13,13,13,13
947,2020-08-25,cargo,1,3,3,3,3,3,3,3,3,3,3,3,3
948,2020-08-26,cargo,0,14,14,14,14,14,14,14,14,14,14,14,14
949,2020-08-27,cargo,0,16,16,16,16,16,16,16,16,16,16,16,16
950,2020-08-27,cargo,1,1,1,1,1,1,1,1,1,1,1,1,1
951,2020-08-28,cargo,0,18,18,18,18,18,18,18,18,18,18,18,18
952,2020-08-28,cargo,1,3,3,3,3,3,3,3,3,3,3,3,3
953,2020-08-29,cargo,0,18,18,18,18,18,18,18,18,18,18,18,18
954,2020-08-30,cargo,0,17,17,17,17,17,17,17,17,17,17,17,17
955,2020-08-30,cargo,1,2,2,1,2,2,2,2,2,2,2,2,2
956,2020-08-31,cargo,0,12,12,12,12,12,12,12,12,12,12,12,12
957,2020-09-01,cargo,0,13,13,13,13,13,13,13,13,13,13,13,13
958,2020-09-01,cargo,1,3,3,3,3,3,3,3,3,3,3,3,3
959,2020-09-02,cargo,0,15,15,15,15,15,15,15,15,15,15,15,15
960,2020-09-03,cargo,0,20,20,20,20,20,20,20,20,20,20,20,20
961,2020-09-04,cargo,0,18,18,18,18,18,18,18,18,18,18,18,18
962,2020-09-04,cargo,1,1,1,1,1,1,1,1,1,1,1,1,1
963,2020-09-05,cargo,0,18,18,18,18,18,18,18,18,18,18,18,18
964,2020-09-05,cargo,1,2,2,2,2,2,2,2,2,2,2,2,2
965,2020-09-06,cargo,0,17,17,17,17,17,17,17,17,17,17,17,17
966,2020-09-06,cargo,1,2,2,2,2,2,2,2,2,2,2,2,2
967,2020-09-07,cargo,0,16,16,16,16,16,16,16,16,16,16,16,16
968,2020-09-08,cargo,0,18,18,18,18,18,18,18,18,18,18,18,18
969,2020-09-08,cargo,1,3,3,3,3,3,3,3,3,3,3,3,3
970,2020-09-09,cargo,0,15,15,15,15,15,15,15,15,15,15,15,15
971,2020-09-09,cargo,1,1,1,0,1,1,1,1,1,1,1,1,1
972,2020-09-10,cargo,0,17,17,17,17,17,17,17,17,17,17,17,17
973,2020-09-11,cargo,0,16,16,16,16,16,16,16,16,16,16,16,16
974,2020-09-11,cargo,1,1,1,1,1,1,1,1,1,1,1,1,1
975,2020-09-12,cargo,0,18,18,18,18,18,18,18,18,18,18,18,18
976,2020-09-13,cargo,0,18,18,18,18,18,18,18,18,18,18,18,18
977,2020-09-14,cargo,0,16,16,16,16,16,16,16,16,16,16,16,16
978,2020-09-15,cargo,0,14,14,14,14,14,14,14,14,14,14,14,14
979,2020-09-16,cargo,0,18,18,18,18,18,18,18,18,18,18,18,18
980,2020-09-17,cargo,0,18,18,18,18,18,18,18,18,18,18,18,18
981,2020-09-18,cargo,0,22,22,22,22,22,22,22,22,22,22,22,22
982,2020-09-18,cargo,1,1,1,1,1,1,1,1,1,1,1,1,1
983,2020-09-19,cargo,0,22,22,22,22,22,22,22,22,22,22,22,22
984,2020-09-20,cargo,0,18,18,18,18,18,18,18,18,18,18,18,18
985,2020-09-21,cargo,0,17,17,17,17,17,17,17,17,17,17,17,17
986,2020-09-21,cargo,1,4,4,3,4,4,4,4,4,4,4,4,4
987,2020-09-22,cargo,0,13,13,13,13,13,13,13,13,13,13,13,13
988,2020-09-23,cargo,0,18,18,18,18,18,18,18,18,18,18,18,18
989,2020-09-24,cargo,0,21,21,21,21,21,21,21,21,21,21,21,21
990,2020-09-24,cargo,1,1,1,1,1,1,1,1,1,1,1,1,1
991,2020-09-25,cargo,0,17,17,17,17,17,17,17,17,17,17,17,17
992,2020-09-25,cargo,1,4,4,4,4,4,4,4,4,4,4,4,4
993,2020-09-26,cargo,0,22,22,22,22,22,22,22,22,22,22,22,22
994,2020-09-27,cargo,0,20,20,20,20,20,20,20,20,20,20,20,20
995,2020-09-27,cargo,1,1,1,0,1,1,1,1,1,1,1,1,1
996,2020-09-28,cargo,0,17,17,17,17,17,17,17,17,17,17,17,17
997,2020-09-29,cargo,0,15,15,15,15,15,15,15,15,15,15,15,15
998,2020-09-29,cargo,1,1,1,0,1,1,1,1,1,1,1,1,1
999,2020-09-30,cargo,0,9,9,9,9,9,9,9,9,9,9,9,9
